[{"model": "admin.logentry", "pk": 1, "fields": {"action_time": "2020-09-28T16:38:49.265Z", "user": 1, "content_type": 7, "object_id": "2", "object_repr": "Belarus Freedom", "action_flag": 1, "change_message": "[{\"added\": {}}]"}}, {"model": "admin.logentry", "pk": 2, "fields": {"action_time": "2020-09-28T17:15:21.602Z", "user": 1, "content_type": 7, "object_id": "1", "object_repr": "ARTICLE1", "action_flag": 2, "change_message": "[{\"changed\": {\"fields\": [\"Image\"]}}]"}}, {"model": "admin.logentry", "pk": 3, "fields": {"action_time": "2020-09-28T17:16:38.995Z", "user": 1, "content_type": 4, "object_id": "2", "object_repr": "FirstUser", "action_flag": 1, "change_message": "[{\"added\": {}}]"}}, {"model": "admin.logentry", "pk": 4, "fields": {"action_time": "2020-09-28T17:17:06.147Z", "user": 1, "content_type": 4, "object_id": "2", "object_repr": "FirstUser", "action_flag": 2, "change_message": "[{\"changed\": {\"fields\": [\"First name\", \"Last name\", \"Email address\"]}}]"}}, {"model": "admin.logentry", "pk": 5, "fields": {"action_time": "2020-09-28T17:19:20.853Z", "user": 1, "content_type": 8, "object_id": "1", "object_repr": "Verry good article !!!!!!", "action_flag": 1, "change_message": "[{\"added\": {}}]"}}, {"model": "admin.logentry", "pk": 6, "fields": {"action_time": "2020-09-28T17:57:27.212Z", "user": 1, "content_type": 9, "object_id": "1", "object_repr": "Profile object (1)", "action_flag": 1, "change_message": "[{\"added\": {}}]"}}, {"model": "admin.logentry", "pk": 7, "fields": {"action_time": "2020-09-28T18:00:41.087Z", "user": 1, "content_type": 4, "object_id": "1", "object_repr": "admin", "action_flag": 2, "change_message": "[{\"changed\": {\"fields\": [\"First name\", \"Last name\"]}}]"}}, {"model": "admin.logentry", "pk": 8, "fields": {"action_time": "2020-09-28T18:13:19.394Z", "user": 1, "content_type": 9, "object_id": "2", "object_repr": "A B", "action_flag": 1, "change_message": "[{\"added\": {}}]"}}, {"model": "admin.logentry", "pk": 9, "fields": {"action_time": "2020-10-03T14:34:20.809Z", "user": 1, "content_type": 7, "object_id": "2", "object_repr": "Belarus Freedom", "action_flag": 2, "change_message": "[{\"changed\": {\"fields\": [\"Image\"]}}]"}}, {"model": "admin.logentry", "pk": 10, "fields": {"action_time": "2020-10-03T14:34:30.940Z", "user": 1, "content_type": 7, "object_id": "6", "object_repr": "Serializer", "action_flag": 2, "change_message": "[{\"changed\": {\"fields\": [\"Image\"]}}]"}}, {"model": "admin.logentry", "pk": 11, "fields": {"action_time": "2020-10-03T14:34:40.616Z", "user": 1, "content_type": 7, "object_id": "5", "object_repr": "Beautiful Sunset", "action_flag": 2, "change_message": "[{\"changed\": {\"fields\": [\"Image\"]}}]"}}, {"model": "admin.logentry", "pk": 12, "fields": {"action_time": "2020-10-03T14:34:53.760Z", "user": 1, "content_type": 7, "object_id": "3", "object_repr": "Car", "action_flag": 2, "change_message": "[{\"changed\": {\"fields\": [\"Image\"]}}]"}}, {"model": "admin.logentry", "pk": 13, "fields": {"action_time": "2020-10-03T14:35:10.705Z", "user": 1, "content_type": 7, "object_id": "1", "object_repr": "ARTICLE1", "action_flag": 2, "change_message": "[{\"changed\": {\"fields\": [\"Image\"]}}]"}}, {"model": "admin.logentry", "pk": 14, "fields": {"action_time": "2020-10-03T14:35:20.555Z", "user": 1, "content_type": 7, "object_id": "4", "object_repr": "The stories", "action_flag": 2, "change_message": "[{\"changed\": {\"fields\": [\"Image\"]}}]"}}, {"model": "admin.logentry", "pk": 15, "fields": {"action_time": "2020-10-03T14:35:26.999Z", "user": 1, "content_type": 7, "object_id": "8", "object_repr": "New", "action_flag": 2, "change_message": "[]"}}, {"model": "admin.logentry", "pk": 16, "fields": {"action_time": "2020-10-03T14:35:35.618Z", "user": 1, "content_type": 7, "object_id": "8", "object_repr": "New", "action_flag": 2, "change_message": "[{\"changed\": {\"fields\": [\"Image\"]}}]"}}, {"model": "admin.logentry", "pk": 17, "fields": {"action_time": "2020-10-03T15:30:28.235Z", "user": 1, "content_type": 7, "object_id": "1", "object_repr": "ARTICLE1", "action_flag": 2, "change_message": "[{\"changed\": {\"fields\": [\"Description\"]}}]"}}, {"model": "admin.logentry", "pk": 18, "fields": {"action_time": "2020-10-04T20:15:56.563Z", "user": 1, "content_type": 8, "object_id": "1", "object_repr": "Verry good article !!!!", "action_flag": 2, "change_message": "[{\"changed\": {\"fields\": [\"Text\"]}}]"}}, {"model": "admin.logentry", "pk": 19, "fields": {"action_time": "2020-10-05T11:24:24.168Z", "user": 1, "content_type": 8, "object_id": "2", "object_repr": "Comment by Alex on ARTICLE1", "action_flag": 1, "change_message": "[{\"added\": {}}]"}}, {"model": "admin.logentry", "pk": 20, "fields": {"action_time": "2020-10-05T13:57:58.901Z", "user": 1, "content_type": 8, "object_id": "3", "object_repr": "Comment by Nick on Belarus Freedom", "action_flag": 1, "change_message": "[{\"added\": {}}]"}}, {"model": "admin.logentry", "pk": 21, "fields": {"action_time": "2020-10-07T11:55:14.464Z", "user": 1, "content_type": 8, "object_id": "3", "object_repr": "Comment by None on Belarus Freedom", "action_flag": 3, "change_message": ""}}, {"model": "admin.logentry", "pk": 22, "fields": {"action_time": "2020-10-07T11:55:14.475Z", "user": 1, "content_type": 8, "object_id": "2", "object_repr": "Comment by None on ARTICLE1", "action_flag": 3, "change_message": ""}}, {"model": "admin.logentry", "pk": 23, "fields": {"action_time": "2020-10-07T11:55:14.484Z", "user": 1, "content_type": 8, "object_id": "1", "object_repr": "Comment by None on Belarus Freedom", "action_flag": 3, "change_message": ""}}, {"model": "admin.logentry", "pk": 24, "fields": {"action_time": "2020-10-07T11:55:38.623Z", "user": 1, "content_type": 8, "object_id": "4", "object_repr": "Comment by admin on ARTICLE1", "action_flag": 1, "change_message": "[{\"added\": {}}]"}}, {"model": "admin.logentry", "pk": 25, "fields": {"action_time": "2020-10-08T11:22:47.184Z", "user": 1, "content_type": 8, "object_id": "6", "object_repr": "Comment by admin on Belarus Freedom", "action_flag": 3, "change_message": ""}}, {"model": "admin.logentry", "pk": 26, "fields": {"action_time": "2020-10-08T11:22:47.192Z", "user": 1, "content_type": 8, "object_id": "5", "object_repr": "Comment by admin on Belarus Freedom", "action_flag": 3, "change_message": ""}}, {"model": "admin.logentry", "pk": 27, "fields": {"action_time": "2020-10-08T11:22:47.200Z", "user": 1, "content_type": 8, "object_id": "7", "object_repr": "Comment by None on None", "action_flag": 3, "change_message": ""}}, {"model": "admin.logentry", "pk": 28, "fields": {"action_time": "2020-10-08T11:22:47.210Z", "user": 1, "content_type": 8, "object_id": "9", "object_repr": "Comment by admin on Belarus Freedom", "action_flag": 3, "change_message": ""}}, {"model": "admin.logentry", "pk": 29, "fields": {"action_time": "2020-10-08T11:22:47.220Z", "user": 1, "content_type": 8, "object_id": "8", "object_repr": "Comment by admin on Belarus Freedom", "action_flag": 3, "change_message": ""}}, {"model": "admin.logentry", "pk": 30, "fields": {"action_time": "2020-10-08T11:27:56.090Z", "user": 1, "content_type": 8, "object_id": "10", "object_repr": "Comment by None on None", "action_flag": 3, "change_message": ""}}, {"model": "admin.logentry", "pk": 31, "fields": {"action_time": "2020-10-08T11:28:06.972Z", "user": 1, "content_type": 8, "object_id": "11", "object_repr": "Comment by admin on Belarus Freedom", "action_flag": 2, "change_message": "[{\"changed\": {\"fields\": [\"Article\", \"Author\"]}}]"}}, {"model": "admin.logentry", "pk": 32, "fields": {"action_time": "2020-10-08T11:29:42.291Z", "user": 1, "content_type": 8, "object_id": "12", "object_repr": "Comment by admin on Belarus Freedom", "action_flag": 3, "change_message": ""}}, {"model": "admin.logentry", "pk": 33, "fields": {"action_time": "2020-10-08T11:29:47.986Z", "user": 1, "content_type": 8, "object_id": "11", "object_repr": "Comment by admin on Belarus Freedom", "action_flag": 3, "change_message": ""}}, {"model": "admin.logentry", "pk": 34, "fields": {"action_time": "2020-10-08T12:04:47.574Z", "user": 1, "content_type": 8, "object_id": "19", "object_repr": "Comment by admin on Belarus Freedom", "action_flag": 3, "change_message": ""}}, {"model": "admin.logentry", "pk": 35, "fields": {"action_time": "2020-10-08T12:04:47.587Z", "user": 1, "content_type": 8, "object_id": "18", "object_repr": "Comment by admin on Belarus Freedom", "action_flag": 3, "change_message": ""}}, {"model": "admin.logentry", "pk": 36, "fields": {"action_time": "2020-10-08T12:04:47.600Z", "user": 1, "content_type": 8, "object_id": "17", "object_repr": "Comment by admin on Belarus Freedom", "action_flag": 3, "change_message": ""}}, {"model": "admin.logentry", "pk": 37, "fields": {"action_time": "2020-10-08T12:04:47.613Z", "user": 1, "content_type": 8, "object_id": "16", "object_repr": "Comment by admin on Belarus Freedom", "action_flag": 3, "change_message": ""}}, {"model": "admin.logentry", "pk": 38, "fields": {"action_time": "2020-10-08T12:04:47.627Z", "user": 1, "content_type": 8, "object_id": "15", "object_repr": "Comment by admin on Belarus Freedom", "action_flag": 3, "change_message": ""}}, {"model": "admin.logentry", "pk": 39, "fields": {"action_time": "2020-10-08T17:16:41.649Z", "user": 1, "content_type": 8, "object_id": "25", "object_repr": "Comment by FirstUser on ARTICLE1", "action_flag": 1, "change_message": "[{\"added\": {}}]"}}, {"model": "admin.logentry", "pk": 40, "fields": {"action_time": "2020-10-09T20:13:53.360Z", "user": 1, "content_type": 8, "object_id": "13", "object_repr": "Comment by admin on Belarus Freedom", "action_flag": 2, "change_message": "[{\"changed\": {\"fields\": [\"Add comment\"]}}]"}}, {"model": "admin.logentry", "pk": 41, "fields": {"action_time": "2020-10-12T11:44:59.641Z", "user": 1, "content_type": 10, "object_id": "1", "object_repr": "Sport", "action_flag": 1, "change_message": "[{\"added\": {}}]"}}, {"model": "admin.logentry", "pk": 42, "fields": {"action_time": "2020-10-12T11:45:54.090Z", "user": 1, "content_type": 10, "object_id": "2", "object_repr": "Arts", "action_flag": 1, "change_message": "[{\"added\": {}}]"}}, {"model": "admin.logentry", "pk": 43, "fields": {"action_time": "2020-10-12T11:46:20.848Z", "user": 1, "content_type": 10, "object_id": "3", "object_repr": "Politics", "action_flag": 1, "change_message": "[{\"added\": {}}]"}}, {"model": "admin.logentry", "pk": 44, "fields": {"action_time": "2020-10-12T11:47:22.127Z", "user": 1, "content_type": 10, "object_id": "4", "object_repr": "Nature", "action_flag": 1, "change_message": "[{\"added\": {}}]"}}, {"model": "admin.logentry", "pk": 45, "fields": {"action_time": "2020-10-12T11:47:37.283Z", "user": 1, "content_type": 10, "object_id": "5", "object_repr": "Other", "action_flag": 1, "change_message": "[{\"added\": {}}]"}}, {"model": "admin.logentry", "pk": 46, "fields": {"action_time": "2020-10-12T11:48:03.157Z", "user": 1, "content_type": 10, "object_id": "6", "object_repr": "Space", "action_flag": 1, "change_message": "[{\"added\": {}}]"}}, {"model": "admin.logentry", "pk": 47, "fields": {"action_time": "2020-10-12T11:48:23.363Z", "user": 1, "content_type": 7, "object_id": "2", "object_repr": "Belarus Freedom", "action_flag": 2, "change_message": "[{\"changed\": {\"fields\": [\"Category\"]}}]"}}, {"model": "admin.logentry", "pk": 48, "fields": {"action_time": "2020-10-12T11:48:32.443Z", "user": 1, "content_type": 7, "object_id": "4", "object_repr": "The stories", "action_flag": 2, "change_message": "[{\"changed\": {\"fields\": [\"Category\"]}}]"}}, {"model": "admin.logentry", "pk": 49, "fields": {"action_time": "2020-10-12T11:49:03.330Z", "user": 1, "content_type": 7, "object_id": "5", "object_repr": "Beautiful Sunset", "action_flag": 2, "change_message": "[{\"changed\": {\"fields\": [\"Category\"]}}]"}}, {"model": "admin.logentry", "pk": 50, "fields": {"action_time": "2020-10-12T11:49:38.739Z", "user": 1, "content_type": 10, "object_id": "7", "object_repr": "IT", "action_flag": 1, "change_message": "[{\"added\": {}}]"}}, {"model": "admin.logentry", "pk": 51, "fields": {"action_time": "2020-10-12T11:50:18.520Z", "user": 1, "content_type": 10, "object_id": "8", "object_repr": "Technic", "action_flag": 1, "change_message": "[{\"added\": {}}]"}}, {"model": "admin.logentry", "pk": 52, "fields": {"action_time": "2020-10-12T11:50:28.165Z", "user": 1, "content_type": 7, "object_id": "3", "object_repr": "Car", "action_flag": 2, "change_message": "[{\"changed\": {\"fields\": [\"Category\"]}}]"}}, {"model": "admin.logentry", "pk": 53, "fields": {"action_time": "2020-10-12T11:50:35.936Z", "user": 1, "content_type": 7, "object_id": "6", "object_repr": "Serializer", "action_flag": 2, "change_message": "[{\"changed\": {\"fields\": [\"Category\"]}}]"}}, {"model": "admin.logentry", "pk": 54, "fields": {"action_time": "2020-10-12T11:50:44.192Z", "user": 1, "content_type": 7, "object_id": "8", "object_repr": "New", "action_flag": 2, "change_message": "[{\"changed\": {\"fields\": [\"Category\"]}}]"}}, {"model": "admin.logentry", "pk": 55, "fields": {"action_time": "2020-10-12T11:50:53.160Z", "user": 1, "content_type": 7, "object_id": "1", "object_repr": "ARTICLE1", "action_flag": 2, "change_message": "[{\"changed\": {\"fields\": [\"Category\"]}}]"}}, {"model": "admin.logentry", "pk": 56, "fields": {"action_time": "2020-10-12T12:11:33.523Z", "user": 1, "content_type": 7, "object_id": "9", "object_repr": "Mushrooms", "action_flag": 2, "change_message": "[]"}}, {"model": "admin.logentry", "pk": 57, "fields": {"action_time": "2020-10-12T12:18:16.527Z", "user": 1, "content_type": 7, "object_id": "10", "object_repr": "Mushrooms", "action_flag": 3, "change_message": ""}}, {"model": "admin.logentry", "pk": 58, "fields": {"action_time": "2020-10-12T12:19:09.872Z", "user": 1, "content_type": 7, "object_id": "9", "object_repr": "Mushrooms", "action_flag": 2, "change_message": "[{\"changed\": {\"fields\": [\"Image\"]}}]"}}, {"model": "admin.logentry", "pk": 59, "fields": {"action_time": "2020-10-13T13:05:12.979Z", "user": 1, "content_type": 8, "object_id": "77", "object_repr": "Comment by admin on Car", "action_flag": 3, "change_message": ""}}, {"model": "admin.logentry", "pk": 60, "fields": {"action_time": "2020-10-13T13:05:12.989Z", "user": 1, "content_type": 8, "object_id": "78", "object_repr": "Comment by admin on Car", "action_flag": 3, "change_message": ""}}, {"model": "admin.logentry", "pk": 61, "fields": {"action_time": "2020-10-13T13:05:12.998Z", "user": 1, "content_type": 8, "object_id": "79", "object_repr": "Comment by admin on Car", "action_flag": 3, "change_message": ""}}, {"model": "admin.logentry", "pk": 62, "fields": {"action_time": "2020-10-13T13:05:13.007Z", "user": 1, "content_type": 8, "object_id": "80", "object_repr": "Comment by admin on Car", "action_flag": 3, "change_message": ""}}, {"model": "admin.logentry", "pk": 63, "fields": {"action_time": "2020-10-13T13:05:13.017Z", "user": 1, "content_type": 8, "object_id": "81", "object_repr": "Comment by admin on Car", "action_flag": 3, "change_message": ""}}, {"model": "admin.logentry", "pk": 64, "fields": {"action_time": "2020-10-13T13:05:13.027Z", "user": 1, "content_type": 8, "object_id": "82", "object_repr": "Comment by admin on Car", "action_flag": 3, "change_message": ""}}, {"model": "admin.logentry", "pk": 65, "fields": {"action_time": "2020-10-13T13:05:13.037Z", "user": 1, "content_type": 8, "object_id": "83", "object_repr": "Comment by admin on Car", "action_flag": 3, "change_message": ""}}, {"model": "admin.logentry", "pk": 66, "fields": {"action_time": "2020-10-13T13:05:13.049Z", "user": 1, "content_type": 8, "object_id": "84", "object_repr": "Comment by admin on Car", "action_flag": 3, "change_message": ""}}, {"model": "admin.logentry", "pk": 67, "fields": {"action_time": "2020-10-13T13:05:13.062Z", "user": 1, "content_type": 8, "object_id": "85", "object_repr": "Comment by admin on Car", "action_flag": 3, "change_message": ""}}, {"model": "admin.logentry", "pk": 68, "fields": {"action_time": "2020-10-13T13:05:13.075Z", "user": 1, "content_type": 8, "object_id": "86", "object_repr": "Comment by admin on Car", "action_flag": 3, "change_message": ""}}, {"model": "admin.logentry", "pk": 69, "fields": {"action_time": "2020-10-13T13:05:13.087Z", "user": 1, "content_type": 8, "object_id": "87", "object_repr": "Comment by admin on Car", "action_flag": 3, "change_message": ""}}, {"model": "admin.logentry", "pk": 70, "fields": {"action_time": "2020-10-13T13:05:13.099Z", "user": 1, "content_type": 8, "object_id": "88", "object_repr": "Comment by admin on Car", "action_flag": 3, "change_message": ""}}, {"model": "admin.logentry", "pk": 71, "fields": {"action_time": "2020-10-13T14:45:46.769Z", "user": 1, "content_type": 8, "object_id": "89", "object_repr": "Comment by admin on Car", "action_flag": 3, "change_message": ""}}, {"model": "admin.logentry", "pk": 72, "fields": {"action_time": "2020-10-13T14:45:46.781Z", "user": 1, "content_type": 8, "object_id": "90", "object_repr": "Comment by admin on Car", "action_flag": 3, "change_message": ""}}, {"model": "admin.logentry", "pk": 73, "fields": {"action_time": "2020-10-13T14:45:46.793Z", "user": 1, "content_type": 8, "object_id": "91", "object_repr": "Comment by admin on Car", "action_flag": 3, "change_message": ""}}, {"model": "admin.logentry", "pk": 74, "fields": {"action_time": "2020-10-13T14:45:46.804Z", "user": 1, "content_type": 8, "object_id": "92", "object_repr": "Comment by admin on Car", "action_flag": 3, "change_message": ""}}, {"model": "admin.logentry", "pk": 75, "fields": {"action_time": "2020-10-13T14:45:46.816Z", "user": 1, "content_type": 8, "object_id": "93", "object_repr": "Comment by admin on Car", "action_flag": 3, "change_message": ""}}, {"model": "admin.logentry", "pk": 76, "fields": {"action_time": "2020-10-13T14:45:46.826Z", "user": 1, "content_type": 8, "object_id": "94", "object_repr": "Comment by admin on Car", "action_flag": 3, "change_message": ""}}, {"model": "admin.logentry", "pk": 77, "fields": {"action_time": "2020-10-13T14:45:46.834Z", "user": 1, "content_type": 8, "object_id": "95", "object_repr": "Comment by admin on Car", "action_flag": 3, "change_message": ""}}, {"model": "admin.logentry", "pk": 78, "fields": {"action_time": "2020-10-13T14:45:46.842Z", "user": 1, "content_type": 8, "object_id": "96", "object_repr": "Comment by admin on Car", "action_flag": 3, "change_message": ""}}, {"model": "admin.logentry", "pk": 79, "fields": {"action_time": "2020-10-13T14:45:46.851Z", "user": 1, "content_type": 8, "object_id": "97", "object_repr": "Comment by admin on Car", "action_flag": 3, "change_message": ""}}, {"model": "admin.logentry", "pk": 80, "fields": {"action_time": "2020-10-13T14:45:46.860Z", "user": 1, "content_type": 8, "object_id": "98", "object_repr": "Comment by admin on Car", "action_flag": 3, "change_message": ""}}, {"model": "admin.logentry", "pk": 81, "fields": {"action_time": "2020-10-14T14:30:00.700Z", "user": 1, "content_type": 10, "object_id": "9", "object_repr": "music", "action_flag": 1, "change_message": "[{\"added\": {}}]"}}, {"model": "admin.logentry", "pk": 82, "fields": {"action_time": "2020-10-14T14:31:17.052Z", "user": 1, "content_type": 7, "object_id": "1", "object_repr": "ARTICLE1", "action_flag": 2, "change_message": "[{\"changed\": {\"fields\": [\"Category\"]}}]"}}, {"model": "admin.logentry", "pk": 83, "fields": {"action_time": "2020-10-14T22:03:44.474Z", "user": 1, "content_type": 4, "object_id": "3", "object_repr": "secondUser", "action_flag": 1, "change_message": "[{\"added\": {}}]"}}, {"model": "admin.logentry", "pk": 84, "fields": {"action_time": "2020-10-14T22:04:47.945Z", "user": 1, "content_type": 4, "object_id": "3", "object_repr": "secondUser", "action_flag": 2, "change_message": "[{\"changed\": {\"fields\": [\"First name\", \"Last name\", \"Email address\"]}}]"}}, {"model": "admin.logentry", "pk": 85, "fields": {"action_time": "2020-10-15T11:40:27.627Z", "user": 1, "content_type": 9, "object_id": "3", "object_repr": "Week Erty", "action_flag": 1, "change_message": "[{\"added\": {}}]"}}, {"model": "admin.logentry", "pk": 86, "fields": {"action_time": "2020-10-19T09:58:48.368Z", "user": 1, "content_type": 9, "object_id": "4", "object_repr": "", "action_flag": 1, "change_message": "[{\"added\": {}}]"}}, {"model": "admin.logentry", "pk": 87, "fields": {"action_time": "2020-10-19T09:59:20.884Z", "user": 1, "content_type": 4, "object_id": "4", "object_repr": "alex", "action_flag": 2, "change_message": "[{\"changed\": {\"fields\": [\"First name\", \"Last name\", \"Email address\"]}}]"}}, {"model": "admin.logentry", "pk": 88, "fields": {"action_time": "2020-10-19T21:44:54.094Z", "user": 1, "content_type": 9, "object_id": "3", "object_repr": "Week Erty", "action_flag": 2, "change_message": "[{\"changed\": {\"fields\": [\"Avatar\"]}}]"}}, {"model": "admin.logentry", "pk": 89, "fields": {"action_time": "2020-10-19T21:46:11.448Z", "user": 1, "content_type": 9, "object_id": "4", "object_repr": "", "action_flag": 2, "change_message": "[{\"changed\": {\"fields\": [\"Avatar\"]}}]"}}, {"model": "admin.logentry", "pk": 90, "fields": {"action_time": "2020-10-19T21:48:30.102Z", "user": 1, "content_type": 9, "object_id": "4", "object_repr": "ALex Alexis", "action_flag": 2, "change_message": "[{\"changed\": {\"fields\": [\"Avatar\"]}}]"}}, {"model": "admin.logentry", "pk": 91, "fields": {"action_time": "2020-10-20T11:28:52.463Z", "user": 1, "content_type": 7, "object_id": "19", "object_repr": "35", "action_flag": 2, "change_message": "[{\"changed\": {\"fields\": [\"Image\"]}}]"}}, {"model": "admin.logentry", "pk": 92, "fields": {"action_time": "2020-10-20T13:03:31.544Z", "user": 1, "content_type": 9, "object_id": "4", "object_repr": "ALex Alexis", "action_flag": 2, "change_message": "[{\"changed\": {\"fields\": [\"Avatar\"]}}]"}}, {"model": "admin.logentry", "pk": 93, "fields": {"action_time": "2020-10-20T13:25:06.342Z", "user": 1, "content_type": 9, "object_id": "4", "object_repr": "ALex Alexis", "action_flag": 2, "change_message": "[{\"changed\": {\"fields\": [\"Avatar\"]}}]"}}, {"model": "admin.logentry", "pk": 94, "fields": {"action_time": "2020-10-20T13:27:52.377Z", "user": 1, "content_type": 9, "object_id": "3", "object_repr": "Week Erty", "action_flag": 2, "change_message": "[{\"changed\": {\"fields\": [\"Avatar\"]}}]"}}, {"model": "admin.logentry", "pk": 95, "fields": {"action_time": "2020-10-20T13:28:33.674Z", "user": 1, "content_type": 9, "object_id": "3", "object_repr": "Week Erty", "action_flag": 2, "change_message": "[{\"changed\": {\"fields\": [\"Avatar\"]}}]"}}, {"model": "admin.logentry", "pk": 96, "fields": {"action_time": "2020-10-20T13:46:38.017Z", "user": 1, "content_type": 9, "object_id": "3", "object_repr": "Week Erty", "action_flag": 2, "change_message": "[{\"changed\": {\"fields\": [\"Avatar\"]}}]"}}, {"model": "admin.logentry", "pk": 97, "fields": {"action_time": "2020-10-20T13:49:02.561Z", "user": 1, "content_type": 9, "object_id": "4", "object_repr": "ALex Alexis", "action_flag": 2, "change_message": "[{\"changed\": {\"fields\": [\"Avatar\"]}}]"}}, {"model": "admin.logentry", "pk": 98, "fields": {"action_time": "2020-10-20T14:28:26.404Z", "user": 1, "content_type": 7, "object_id": "19", "object_repr": "35", "action_flag": 2, "change_message": "[{\"changed\": {\"fields\": [\"Image\"]}}]"}}, {"model": "admin.logentry", "pk": 99, "fields": {"action_time": "2020-10-20T14:40:12.092Z", "user": 1, "content_type": 9, "object_id": "4", "object_repr": "ALex Alexis", "action_flag": 2, "change_message": "[{\"changed\": {\"fields\": [\"Avatar\"]}}]"}}, {"model": "admin.logentry", "pk": 100, "fields": {"action_time": "2020-10-20T14:41:38.632Z", "user": 1, "content_type": 9, "object_id": "3", "object_repr": "Week Erty", "action_flag": 2, "change_message": "[{\"changed\": {\"fields\": [\"Avatar\"]}}]"}}, {"model": "admin.logentry", "pk": 101, "fields": {"action_time": "2020-10-20T19:11:26.294Z", "user": 1, "content_type": 9, "object_id": "4", "object_repr": "Alex Alexis", "action_flag": 2, "change_message": "[{\"changed\": {\"fields\": [\"Avatar\"]}}]"}}, {"model": "admin.logentry", "pk": 102, "fields": {"action_time": "2020-10-20T19:11:36.103Z", "user": 1, "content_type": 9, "object_id": "3", "object_repr": "Week Ertyt", "action_flag": 2, "change_message": "[{\"changed\": {\"fields\": [\"Avatar\"]}}]"}}, {"model": "admin.logentry", "pk": 103, "fields": {"action_time": "2020-10-20T19:11:54.330Z", "user": 1, "content_type": 7, "object_id": "28", "object_repr": "ewejykuyjh", "action_flag": 3, "change_message": ""}}, {"model": "admin.logentry", "pk": 104, "fields": {"action_time": "2020-10-20T19:11:54.344Z", "user": 1, "content_type": 7, "object_id": "27", "object_repr": "arezsrxdtfcjg", "action_flag": 3, "change_message": ""}}, {"model": "admin.logentry", "pk": 105, "fields": {"action_time": "2020-10-20T19:11:54.357Z", "user": 1, "content_type": 7, "object_id": "26", "object_repr": "qwqrwtr", "action_flag": 3, "change_message": ""}}, {"model": "admin.logentry", "pk": 106, "fields": {"action_time": "2020-10-20T19:11:54.370Z", "user": 1, "content_type": 7, "object_id": "25", "object_repr": "qads", "action_flag": 3, "change_message": ""}}, {"model": "admin.logentry", "pk": 107, "fields": {"action_time": "2020-10-20T19:11:54.382Z", "user": 1, "content_type": 7, "object_id": "24", "object_repr": "123", "action_flag": 3, "change_message": ""}}, {"model": "admin.logentry", "pk": 108, "fields": {"action_time": "2020-10-20T19:11:54.396Z", "user": 1, "content_type": 7, "object_id": "23", "object_repr": "efce", "action_flag": 3, "change_message": ""}}, {"model": "admin.logentry", "pk": 109, "fields": {"action_time": "2020-10-20T19:11:54.410Z", "user": 1, "content_type": 7, "object_id": "22", "object_repr": "dgfd", "action_flag": 3, "change_message": ""}}, {"model": "admin.logentry", "pk": 110, "fields": {"action_time": "2020-10-20T19:11:54.423Z", "user": 1, "content_type": 7, "object_id": "21", "object_repr": "34", "action_flag": 3, "change_message": ""}}, {"model": "admin.logentry", "pk": 111, "fields": {"action_time": "2020-10-20T19:11:54.435Z", "user": 1, "content_type": 7, "object_id": "20", "object_repr": "234", "action_flag": 3, "change_message": ""}}, {"model": "admin.logentry", "pk": 112, "fields": {"action_time": "2020-10-20T19:11:54.446Z", "user": 1, "content_type": 7, "object_id": "19", "object_repr": "35", "action_flag": 3, "change_message": ""}}, {"model": "admin.logentry", "pk": 113, "fields": {"action_time": "2020-10-20T19:11:54.458Z", "user": 1, "content_type": 7, "object_id": "18", "object_repr": "23", "action_flag": 3, "change_message": ""}}, {"model": "admin.logentry", "pk": 114, "fields": {"action_time": "2020-10-20T19:11:54.470Z", "user": 1, "content_type": 7, "object_id": "16", "object_repr": "2", "action_flag": 3, "change_message": ""}}, {"model": "admin.logentry", "pk": 115, "fields": {"action_time": "2020-10-20T19:11:54.481Z", "user": 1, "content_type": 7, "object_id": "15", "object_repr": "2", "action_flag": 3, "change_message": ""}}, {"model": "admin.logentry", "pk": 116, "fields": {"action_time": "2020-10-20T19:11:54.492Z", "user": 1, "content_type": 7, "object_id": "14", "object_repr": "1", "action_flag": 3, "change_message": ""}}, {"model": "admin.logentry", "pk": 117, "fields": {"action_time": "2020-10-20T19:11:54.502Z", "user": 1, "content_type": 7, "object_id": "13", "object_repr": "1", "action_flag": 3, "change_message": ""}}, {"model": "admin.logentry", "pk": 118, "fields": {"action_time": "2020-10-20T19:12:50.151Z", "user": 1, "content_type": 7, "object_id": "8", "object_repr": "News", "action_flag": 2, "change_message": "[{\"changed\": {\"fields\": [\"Title\", \"Description\"]}}]"}}, {"model": "admin.logentry", "pk": 119, "fields": {"action_time": "2020-10-20T19:13:25.308Z", "user": 1, "content_type": 7, "object_id": "6", "object_repr": "Serializer", "action_flag": 2, "change_message": "[{\"changed\": {\"fields\": [\"Description\"]}}]"}}, {"model": "admin.logentry", "pk": 120, "fields": {"action_time": "2020-10-20T19:13:54.330Z", "user": 1, "content_type": 7, "object_id": "3", "object_repr": "Car", "action_flag": 2, "change_message": "[{\"changed\": {\"fields\": [\"Description\"]}}]"}}, {"model": "admin.logentry", "pk": 121, "fields": {"action_time": "2020-10-20T19:14:50.201Z", "user": 1, "content_type": 7, "object_id": "2", "object_repr": "Belarus Freedom", "action_flag": 2, "change_message": "[{\"changed\": {\"fields\": [\"Description\"]}}]"}}, {"model": "admin.logentry", "pk": 122, "fields": {"action_time": "2020-10-20T19:15:25.191Z", "user": 1, "content_type": 7, "object_id": "1", "object_repr": "ARTICLE1", "action_flag": 2, "change_message": "[{\"changed\": {\"fields\": [\"Description\"]}}]"}}, {"model": "admin.logentry", "pk": 123, "fields": {"action_time": "2020-10-21T13:03:48.548Z", "user": 1, "content_type": 9, "object_id": "11", "object_repr": "Profile object (11)", "action_flag": 3, "change_message": ""}}, {"model": "admin.logentry", "pk": 124, "fields": {"action_time": "2020-10-21T13:04:02.692Z", "user": 1, "content_type": 9, "object_id": "10", "object_repr": "Profile object (10)", "action_flag": 3, "change_message": ""}}, {"model": "admin.logentry", "pk": 125, "fields": {"action_time": "2020-10-21T13:04:02.703Z", "user": 1, "content_type": 9, "object_id": "9", "object_repr": "Profile object (9)", "action_flag": 3, "change_message": ""}}, {"model": "admin.logentry", "pk": 126, "fields": {"action_time": "2020-10-21T13:04:02.715Z", "user": 1, "content_type": 9, "object_id": "8", "object_repr": "Profile object (8)", "action_flag": 3, "change_message": ""}}, {"model": "admin.logentry", "pk": 127, "fields": {"action_time": "2020-10-21T13:04:02.730Z", "user": 1, "content_type": 9, "object_id": "7", "object_repr": "Profile object (7)", "action_flag": 3, "change_message": ""}}, {"model": "admin.logentry", "pk": 128, "fields": {"action_time": "2020-10-21T13:04:02.743Z", "user": 1, "content_type": 9, "object_id": "6", "object_repr": "Profile object (6)", "action_flag": 3, "change_message": ""}}, {"model": "admin.logentry", "pk": 129, "fields": {"action_time": "2020-10-21T13:04:02.757Z", "user": 1, "content_type": 9, "object_id": "5", "object_repr": "Profile object (5)", "action_flag": 3, "change_message": ""}}, {"model": "admin.logentry", "pk": 130, "fields": {"action_time": "2020-10-21T13:14:01.549Z", "user": 1, "content_type": 9, "object_id": "13", "object_repr": "Profile object (13)", "action_flag": 3, "change_message": ""}}, {"model": "admin.logentry", "pk": 131, "fields": {"action_time": "2020-10-21T13:14:01.561Z", "user": 1, "content_type": 9, "object_id": "12", "object_repr": "Profile object (12)", "action_flag": 3, "change_message": ""}}, {"model": "admin.logentry", "pk": 132, "fields": {"action_time": "2020-10-21T18:40:48.043Z", "user": 1, "content_type": 9, "object_id": "4", "object_repr": "Alex Alexis", "action_flag": 3, "change_message": ""}}, {"model": "admin.logentry", "pk": 133, "fields": {"action_time": "2020-10-21T18:40:48.055Z", "user": 1, "content_type": 9, "object_id": "3", "object_repr": "Week Ertyt", "action_flag": 3, "change_message": ""}}, {"model": "admin.logentry", "pk": 134, "fields": {"action_time": "2020-10-21T18:40:48.068Z", "user": 1, "content_type": 9, "object_id": "1", "object_repr": "Alex V", "action_flag": 3, "change_message": ""}}, {"model": "admin.logentry", "pk": 135, "fields": {"action_time": "2020-10-21T19:53:21.261Z", "user": 1, "content_type": 9, "object_id": "1", "object_repr": "Alex V", "action_flag": 1, "change_message": "[{\"added\": {}}]"}}, {"model": "admin.logentry", "pk": 136, "fields": {"action_time": "2020-10-21T19:54:09.971Z", "user": 1, "content_type": 9, "object_id": "2", "object_repr": "Week Ertyt", "action_flag": 1, "change_message": "[{\"added\": {}}]"}}, {"model": "admin.logentry", "pk": 137, "fields": {"action_time": "2020-10-21T19:54:39.423Z", "user": 1, "content_type": 9, "object_id": "3", "object_repr": "Ad Dvalov", "action_flag": 1, "change_message": "[{\"added\": {}}]"}}, {"model": "admin.logentry", "pk": 138, "fields": {"action_time": "2020-10-21T19:55:09.259Z", "user": 1, "content_type": 9, "object_id": "4", "object_repr": "Alex Alexis", "action_flag": 1, "change_message": "[{\"added\": {}}]"}}, {"model": "auth.permission", "pk": 1, "fields": {"name": "Can add log entry", "content_type": 1, "codename": "add_logentry"}}, {"model": "auth.permission", "pk": 2, "fields": {"name": "Can change log entry", "content_type": 1, "codename": "change_logentry"}}, {"model": "auth.permission", "pk": 3, "fields": {"name": "Can delete log entry", "content_type": 1, "codename": "delete_logentry"}}, {"model": "auth.permission", "pk": 4, "fields": {"name": "Can view log entry", "content_type": 1, "codename": "view_logentry"}}, {"model": "auth.permission", "pk": 5, "fields": {"name": "Can add permission", "content_type": 2, "codename": "add_permission"}}, {"model": "auth.permission", "pk": 6, "fields": {"name": "Can change permission", "content_type": 2, "codename": "change_permission"}}, {"model": "auth.permission", "pk": 7, "fields": {"name": "Can delete permission", "content_type": 2, "codename": "delete_permission"}}, {"model": "auth.permission", "pk": 8, "fields": {"name": "Can view permission", "content_type": 2, "codename": "view_permission"}}, {"model": "auth.permission", "pk": 9, "fields": {"name": "Can add group", "content_type": 3, "codename": "add_group"}}, {"model": "auth.permission", "pk": 10, "fields": {"name": "Can change group", "content_type": 3, "codename": "change_group"}}, {"model": "auth.permission", "pk": 11, "fields": {"name": "Can delete group", "content_type": 3, "codename": "delete_group"}}, {"model": "auth.permission", "pk": 12, "fields": {"name": "Can view group", "content_type": 3, "codename": "view_group"}}, {"model": "auth.permission", "pk": 13, "fields": {"name": "Can add user", "content_type": 4, "codename": "add_user"}}, {"model": "auth.permission", "pk": 14, "fields": {"name": "Can change user", "content_type": 4, "codename": "change_user"}}, {"model": "auth.permission", "pk": 15, "fields": {"name": "Can delete user", "content_type": 4, "codename": "delete_user"}}, {"model": "auth.permission", "pk": 16, "fields": {"name": "Can view user", "content_type": 4, "codename": "view_user"}}, {"model": "auth.permission", "pk": 17, "fields": {"name": "Can add content type", "content_type": 5, "codename": "add_contenttype"}}, {"model": "auth.permission", "pk": 18, "fields": {"name": "Can change content type", "content_type": 5, "codename": "change_contenttype"}}, {"model": "auth.permission", "pk": 19, "fields": {"name": "Can delete content type", "content_type": 5, "codename": "delete_contenttype"}}, {"model": "auth.permission", "pk": 20, "fields": {"name": "Can view content type", "content_type": 5, "codename": "view_contenttype"}}, {"model": "auth.permission", "pk": 21, "fields": {"name": "Can add session", "content_type": 6, "codename": "add_session"}}, {"model": "auth.permission", "pk": 22, "fields": {"name": "Can change session", "content_type": 6, "codename": "change_session"}}, {"model": "auth.permission", "pk": 23, "fields": {"name": "Can delete session", "content_type": 6, "codename": "delete_session"}}, {"model": "auth.permission", "pk": 24, "fields": {"name": "Can view session", "content_type": 6, "codename": "view_session"}}, {"model": "auth.permission", "pk": 25, "fields": {"name": "Can add article", "content_type": 7, "codename": "add_article"}}, {"model": "auth.permission", "pk": 26, "fields": {"name": "Can change article", "content_type": 7, "codename": "change_article"}}, {"model": "auth.permission", "pk": 27, "fields": {"name": "Can delete article", "content_type": 7, "codename": "delete_article"}}, {"model": "auth.permission", "pk": 28, "fields": {"name": "Can view article", "content_type": 7, "codename": "view_article"}}, {"model": "auth.permission", "pk": 29, "fields": {"name": "Can add comment", "content_type": 8, "codename": "add_comment"}}, {"model": "auth.permission", "pk": 30, "fields": {"name": "Can change comment", "content_type": 8, "codename": "change_comment"}}, {"model": "auth.permission", "pk": 31, "fields": {"name": "Can delete comment", "content_type": 8, "codename": "delete_comment"}}, {"model": "auth.permission", "pk": 32, "fields": {"name": "Can view comment", "content_type": 8, "codename": "view_comment"}}, {"model": "auth.permission", "pk": 33, "fields": {"name": "Can add profile", "content_type": 9, "codename": "add_profile"}}, {"model": "auth.permission", "pk": 34, "fields": {"name": "Can change profile", "content_type": 9, "codename": "change_profile"}}, {"model": "auth.permission", "pk": 35, "fields": {"name": "Can delete profile", "content_type": 9, "codename": "delete_profile"}}, {"model": "auth.permission", "pk": 36, "fields": {"name": "Can view profile", "content_type": 9, "codename": "view_profile"}}, {"model": "auth.permission", "pk": 37, "fields": {"name": "Can add category", "content_type": 10, "codename": "add_category"}}, {"model": "auth.permission", "pk": 38, "fields": {"name": "Can change category", "content_type": 10, "codename": "change_category"}}, {"model": "auth.permission", "pk": 39, "fields": {"name": "Can delete category", "content_type": 10, "codename": "delete_category"}}, {"model": "auth.permission", "pk": 40, "fields": {"name": "Can view category", "content_type": 10, "codename": "view_category"}}, {"model": "auth.user", "pk": 1, "fields": {"password": "pbkdf2_sha256$216000$lJO0X9uewuob$9j1hCDC8ZfASaJiIwXogJlBih27nGCHI4eiGQo2vJ0A=", "last_login": "2020-10-21T07:47:35.434Z", "is_superuser": true, "username": "admin", "first_name": "Alex", "last_name": "V", "email": "admin@admin.by", "is_staff": true, "is_active": true, "date_joined": "2020-09-28T16:32:05Z", "groups": [], "user_permissions": []}}, {"model": "auth.user", "pk": 3, "fields": {"password": "pbkdf2_sha256$216000$RYirKWsTAeWd$53/2FYLAZh6frJsT/IQJTN9Qo2Y7vPzDmiHj9HbJyoQ=", "last_login": "2020-10-15T14:27:34.783Z", "is_superuser": false, "username": "secondUser", "first_name": "Week", "last_name": "Ertyt", "email": "now@iam.sexy", "is_staff": false, "is_active": true, "date_joined": "2020-10-14T22:03:44Z", "groups": [], "user_permissions": []}}, {"model": "auth.user", "pk": 4, "fields": {"password": "pbkdf2_sha256$216000$WsH6T5ejUDiB$tdfEYfDHHn4AZoo5DGvxbT0iq8QIS8cx8yT8KKBy9FI=", "last_login": "2020-10-19T17:27:18.678Z", "is_superuser": false, "username": "Alaxalot", "first_name": "Alex", "last_name": "Alexis", "email": "alex@alex.com", "is_staff": false, "is_active": true, "date_joined": "2020-10-15T15:15:45.600Z", "groups": [], "user_permissions": []}}, {"model": "auth.user", "pk": 5, "fields": {"password": "pbkdf2_sha256$216000$NnJbtOxinhlk$VaIkAZB4QqZ/EyCTEZkjRCsPyGcRQ8hfLJmi8zbyE/4=", "last_login": "2020-10-20T22:17:20.340Z", "is_superuser": false, "username": "Andrew", "first_name": "Ad", "last_name": "Dvalov", "email": "Ad@hd.ru", "is_staff": false, "is_active": true, "date_joined": "2020-10-20T22:13:50.841Z", "groups": [], "user_permissions": []}}, {"model": "contenttypes.contenttype", "pk": 1, "fields": {"app_label": "admin", "model": "logentry"}}, {"model": "contenttypes.contenttype", "pk": 2, "fields": {"app_label": "auth", "model": "permission"}}, {"model": "contenttypes.contenttype", "pk": 3, "fields": {"app_label": "auth", "model": "group"}}, {"model": "contenttypes.contenttype", "pk": 4, "fields": {"app_label": "auth", "model": "user"}}, {"model": "contenttypes.contenttype", "pk": 5, "fields": {"app_label": "contenttypes", "model": "contenttype"}}, {"model": "contenttypes.contenttype", "pk": 6, "fields": {"app_label": "sessions", "model": "session"}}, {"model": "contenttypes.contenttype", "pk": 7, "fields": {"app_label": "blog", "model": "article"}}, {"model": "contenttypes.contenttype", "pk": 8, "fields": {"app_label": "blog", "model": "comment"}}, {"model": "contenttypes.contenttype", "pk": 9, "fields": {"app_label": "profiles", "model": "profile"}}, {"model": "contenttypes.contenttype", "pk": 10, "fields": {"app_label": "blog", "model": "category"}}, {"model": "sessions.session", "pk": "9e6yx26x8ba8pfqdk6wrh43dwwd97bad", "fields": {"session_data": ".eJxVjDsOAiEUAO9CbQiPr1jaewYCj4esGkiW3cp4d0OyhbYzk3mzEPethn3QGpbMLgzY6ZeliE9qU-RHbPfOsbdtXRKfCT_s4Lee6XU92r9BjaPOrZNgiiPrHUlrhC0mams8atBgVHbnXDRaXwRSSlkoL3QEIKkketCefb664Dbo:1kV8qN:LCua9BHHh27T8MLMvGRXvY4IJ1zTxYYw_fSnpeBTUBA", "expire_date": "2020-11-04T07:47:35.448Z"}}, {"model": "sessions.session", "pk": "c49dgs9etghlj6de60bb085z2l8ptgib", "fields": {"session_data": ".eJxVjDsOAiEUAO9CbQiPr1jaewYCj4esGkiW3cp4d0OyhbYzk3mzEPethn3QGpbMLgzY6ZeliE9qU-RHbPfOsbdtXRKfCT_s4Lee6XU92r9BjaPOrZNgiiPrHUlrhC0mams8atBgVHbnXDRaXwRSSlkoL3QEIKkketCefb664Dbo:1kOgyY:stY40HV6m5X2RNN3_jhsSxJ9r-Zlwpilr5VTp40jIXQ", "expire_date": "2020-10-17T12:49:22.565Z"}}, {"model": "sessions.session", "pk": "c6j86pcwmpjp4qthnottuneq0mro4lso", "fields": {"session_data": ".eJxVjMsOwiAQRf-FtSG8oS7d-w1khgGpGkhKuzL-uzbpQrf3nHNfLMK21riNvMSZ2JkZdvrdENIjtx3QHdqt89TbuszId4UfdPBrp_y8HO7fQYVRv7UvKHyAyQvSUwYpAhYCbwEzFWlR6QTCaZekVqCdNIGCKVZlkYIA59j7A_V8N_M:1kT4yx:Scz_sp9inPwqhFRJ8s0RMEakRnt0fdo11QlqS1IBlGk", "expire_date": "2020-10-29T15:15:55.661Z"}}, {"model": "sessions.session", "pk": "pa3zsuuss0jbm8cd9zgemd1pbb1ubbb3", "fields": {"session_data": ".eJxVjDsOAiEUAO9CbQiPr1jaewYCj4esGkiW3cp4d0OyhbYzk3mzEPethn3QGpbMLgzY6ZeliE9qU-RHbPfOsbdtXRKfCT_s4Lee6XU92r9BjaPOrZNgiiPrHUlrhC0mams8atBgVHbnXDRaXwRSSlkoL3QEIKkketCefb664Dbo:1kMw5v:kcI821Jr_PnqOZheNzl59vanM0ZTjfqSIvlMbJYOvhQ", "expire_date": "2020-10-12T16:33:43.551Z"}}, {"model": "sessions.session", "pk": "t7itqincehkkbr3weenpfqmhjdpebtga", "fields": {"session_data": ".eJxVjMsOwiAQRf-FtSG8oS7d-w1khgGpGkhKuzL-uzbpQrf3nHNfLMK21riNvMSZ2JkZdvrdENIjtx3QHdqt89TbuszId4UfdPBrp_y8HO7fQYVRv7UvKHyAyQvSUwYpAhYCbwEzFWlR6QTCaZekVqCdNIGCKVZlkYIA59j7A_V8N_M:1kUYwI:jl0H_ac6lNXcIKkyCGYRQ9ncUeC3yzNMUx8O0G0nSJ4", "expire_date": "2020-11-02T17:27:18.690Z"}}, {"model": "sessions.session", "pk": "wj6hesv1lkopbshqeaq2u735vhc99jwx", "fields": {"session_data": ".eJxVjDsOAiEUAO9CbQiPr1jaewYCj4esGkiW3cp4d0OyhbYzk3mzEPethn3QGpbMLgzY6ZeliE9qU-RHbPfOsbdtXRKfCT_s4Lee6XU92r9BjaPOrZNgiiPrHUlrhC0mams8atBgVHbnXDRaXwRSSlkoL3QEIKkketCefb664Dbo:1kUcxN:Dwe2i0uCPM-WXX_sHQfBZlGwSmdmUDyo4v2w81h-2Gk", "expire_date": "2020-11-02T21:44:41.714Z"}}, {"model": "blog.category", "pk": 1, "fields": {"title": "Sport", "description": "About all sport in the world"}}, {"model": "blog.category", "pk": 2, "fields": {"title": "Arts", "description": "About all culture"}}, {"model": "blog.category", "pk": 3, "fields": {"title": "Politics", "description": "About world politics"}}, {"model": "blog.category", "pk": 4, "fields": {"title": "Nature", "description": "About wild, animals and plants"}}, {"model": "blog.category", "pk": 5, "fields": {"title": "Other", "description": "About all"}}, {"model": "blog.category", "pk": 6, "fields": {"title": "Space", "description": "About space"}}, {"model": "blog.category", "pk": 7, "fields": {"title": "IT", "description": "All about IT"}}, {"model": "blog.category", "pk": 8, "fields": {"title": "Technic", "description": "All about technical in world"}}, {"model": "blog.category", "pk": 9, "fields": {"title": "music", "description": "All about music"}}, {"model": "blog.article", "pk": 1, "fields": {"title": "ARTICLE1", "description": "Предисло́вие — часть литературного или научного произведения, предшествующая основному тексту. В предисловии излагаются разъяснения и замечания как самого автора, так и редактора, издателя, возможно, других лиц, имеющих отношение к произведению.\r\n\r\nПредисловие может предшествовать не только всему литературному труду, но и отдельной его части. К примеру, последняя глава «Евгения Онегина»[1].\r\n\r\nИногда предисловие может представлять бо́льшую ценность для исследователей, поскольку автор в нём указывает или раскрывает неосвещённые в основном произведении моменты, уточняет свою позицию по ним, рассказывает о тонкостях и мотивах создания своего произведения. К примеру, предисловие Л. Н. Толстого к первому изданию «Войны и Мира»[2].\r\n\r\nПредисловия имели широкое применение в советской издательской практике. В них, как правило, толковалось верное, с точки зрения идеологии, отношение к произведению, критиковались созданные в прошлом ложные буржуазные оценки. В подобных предисловиях также объяснялось читателю, какие произведения и по какой именно причине были выбраны и включены в издание.\r\n\r\nПредисловия особенно необходимы в издании незаконченных или ранее неизвестных произведений, публикации писем, воспоминаний, личных заметок и т.п.", "author": 1, "image": "images_6zEG4oV.jpeg", "category": 5}}, {"model": "blog.article", "pk": 2, "fields": {"title": "Belarus Freedom", "description": "The 2020 Belarusian protests are a series of ongoing political demonstrations and protests against the Belarusian government and President Alexander Lukashenko.[51][52] Part of the Belarusian democracy movement and to date the largest anti-government unrest in the country's history, the demonstrations began in the lead-up to and during the 2020 presidential election, in which Lukashenko sought a sixth term in office.[38][52] In response, a number of relatively small pro-Lukashenko rallies were held.[27]\r\n\r\nSviatlana Tsikhanouskaya, an opposition candidate in the election who claims she received 60–70% of the votes, announced the creation of the Coordination Council, with membership applications open to all Belarusians who agreed that the official election had been falsified.[5][53]\r\n\r\nThe protesters have faced violent persecution by the pro-Lukashenko authorities. A statement by the United Nations Human Rights Office on 1 September cited more than 450 documented cases of torture and ill-treatment of detainees, as well as reports of sexual abuse and rape.[54]\r\n\r\nIn response to Lukashenko's statements and actions, the EU introduced economic sanctions aimed at the Belarusian regime, which retaliated by imposing symmetrical sanctions against the EU.[55]", "author": 1, "image": "flag_eWVOTRv.jpeg", "category": 3}}, {"model": "blog.article", "pk": 3, "fields": {"title": "Car", "description": "BMW AG (рус. Бэ-Эм-Вэ́[2], аббревиатура от Bayerische Motoren Werke AG, с нем. — «Баварские моторные заводы») — немецкий производитель автомобилей, мотоциклов, двигателей, а также велосипедов. Председателем компании с 2006 по 2015 год был Норберт Райтхофер, с мая 2015 года — Харальд Крюгер, а с 18 июля 2019 года — Оливер Ципсе. Главный дизайнер — Йозеф Кабан[3]. Девиз компании — «Freude am Fahren», с нем. — «С удовольствием за рулём». Для англоязычных стран был придуман также девиз «The Ultimate Driving Machine» (с англ. — «Идеальная машина для вождения»).", "author": 1, "image": "1_B8hSe1m.jpeg", "category": 8}}, {"model": "blog.article", "pk": 6, "fields": {"title": "Serializer", "description": "Сериализация (в программировании) — процесс перевода какой-либо структуры данных в последовательность битов. Обратной к операции сериализации является операция десериализации (структуризации) — восстановление начального состояния структуры данных из битовой последовательности.\r\n\r\nСериализация используется для передачи объектов по сети и для сохранения их в файлы. Например, нужно создать распределённое приложение, разные части которого должны обмениваться данными со сложной структурой. В таком случае для типов данных, которые предполагается передавать, пишется код, который осуществляет сериализацию и десериализацию. Объект заполняется нужными данными, затем вызывается код сериализации, в результате получается, например, XML-документ. Результат сериализации передаётся принимающей стороне по, скажем, электронной почте или HTTP. Приложение-получатель создаёт объект того же типа и вызывает код десериализации, в результате получая объект с теми же данными, что были в объекте приложения-отправителя. По такой схеме работает, например, сериализация объектов через SOAP в Microsoft .NET.", "author": 1, "image": "smile2_0DibgQo.jpeg", "category": 7}}, {"model": "blog.article", "pk": 8, "fields": {"title": "News", "description": "(CNN) - A frustrated and at times foul-mouthed President Donald Trump claimed on a campaign call that people are tired of hearing about the deadly pandemic which has killed more than 215,000 Americans and trashed Dr. Anthony Fauci as a \"disaster\" who has been around for \"500 years.\"\r\n\r\nReferring to Fauci and other health officials as \"idiots,\" Trump declared the country ready to move on from the health disaster, even as cases are again spiking and medical experts warn the worst may be yet to come.\r\n\r\nBaselessly claiming that if Fauci was in charge more than half a million people would be dead in the United States, Trump portrayed the recommendations offered by his own administration to mitigate spread of the disease as a burdensome annoyance.\r\n\r\n\"People are tired of Covid. I have the biggest rallies I've ever had, and we have Covid,\" Trump said, phoning into a call with campaign staff from his namesake hotel in Las Vegas, where he spent two nights amid a western campaign swing. \"People are saying whatever. Just leave us alone. They're tired of it. People are tired of hearing Fauci and all these idiots.\"\r\n\r\n\"Fauci is a nice guy,\" Trump went on. \"He's been here for 500 years.\"\r\n\r\nA Trump adviser later questioned the wisdom of attacking Fauci just two weeks before the election. The adviser described the President's comments as \"not smart\" because they keep the focus on the coronavirus pandemic, the one topic campaign officials would like to avoid the most.\r\n\r\nFauci has been the director of the National Institute of Allergy and Infectious Diseases since 1984 and is a member of the White House Coronavirus Task Force. At almost the same time Trump was fuming on the phone, Fauci was being awarded the National Academy of Medicine's first-ever Presidential Citation for Exemplary Leadership during a virtual ceremony. Fauci said that he was \"speechless\" while receiving the recognition.\r\n\r\n\"We have a lot of challenges ahead of us and I can't help thinking that we're really going through a time that's disturbingly anti-science in certain segments of our society,\" Fauci said during the virtual event.\r\n\r\nTrump openly criticized Fauci as his campaign is currently airing a television ad featuring the doctor that implies Fauci endorsed Trump's handling of the pandemic.\r\n\r\nFauci has disputed the ad, saying his words were taken out of context, and asked the campaign to take it down. But the ad was widely seen as an acknowledgment by the President's campaign staff that Fauci has credibility with voters who have rejected Trump's response.", "author": 1, "image": "large_v8eiSJr_tzksEoe.jpeg", "category": 5}}, {"model": "blog.article", "pk": 9, "fields": {"title": "Mushrooms", "description": "Грибы – вкуснейший низкокалорийный продукт, содержащий большое количество весьма полезных для человеческого организма веществ. В то же время грибы издавна считаются опасным продуктом, употреблять который надо с большой осторожностью. Из-за того, что грибы плохо усваиваются, их не рекомендуют употреблять в пищу маленьким детям, людям преклонного возраста и больным людям.  Испокон веков грибы являются хорошим подспорьем для нашего рациона питания, но мало их любить – грибы надо знать, так как на ряду со съедобными, в лесу растет множество ядовитых смертельно опасных грибов. Зачастую отравления грибами носят весьма тяжелый характер и могут стать причиной летального (смертельного) исхода.  Отравления грибами относятся к отравлениям небактериального происхождения продуктами, ядовитыми по своей природе, но иногда ошибочно принимаемыми за съедобные. Отравление может быть также вызвано потреблением некоторых съедобных грибов, неправильно приготовленных.  Так, например, волнушки и чернушки, заготовленные впрок без предварительной вымочки или отваривания, могут вызвать явления гастроэнтерита вследствие раздражающего действия на слизистую оболочку желудка и кишок жгучего млечного сока, содержащегося в них. Поэтому грибы-млечники перед засолкой необходимо обязательно варить или вымачивать в течение 2–3 суток с ежедневной сменой воды.  Расстройство пищеварения может наступить и от солёных грибов, поданных на стол раньше срока. Поэтому следует помнить, что засоленные сухим посолом грибы можно употреблять в пищу: рыжики через 5–6 дней хранения, грузди через 30–35 дней, волнушки через 40 дней, а валуи через 50–60 дней. Грибы горячей засолки употребляют через 7–8 дней. В эти сроки грибы «созревают», а горькие вещества в них разрушаются.  Употребление грибов домашнего консервирования может привести к тяжёлому заболеванию – ботулизму с большой вероятностью возникновения смертельного исхода. Дело в том, что возбудители ботулизма, попавшие на грибы из почвы, хорошо развиваются при отсутствии кислорода, то есть в герметически закупоренных банках, и образуют очень сильный токсин. Чтобы избежать этих отравлений, грибы не следует закатывать металлическими крышками, а только закрывать плотной бумагой и хранить на холоде.  Характерной чертой отравлений грибами является их сезонность, связанная с условиями вегетации. Грибные отравления, как правило, регистрируются в апреле – мае, когда население собирает первые грибы (строчки и сморчки) и в конце лета и начале осени, когда наступает основной сезон грибов. Первый скачок связан с употреблением в пищу почти исключительно строчков, а второй – различных видов ядовитых и условно съедобных грибов в связи с сезонным усилением вегетации грибов и соответственно значительным увеличением их сбора и потребления. Эта сезонность естественно не распространяется на отравления, связанные с употреблением в пищу заготовленных грибов (соление, маринование и сушка грибов).  Основными причинами отравлений грибами являются недостаточное знание съедобных и ядовитых грибов у сборщиков и потребителей, небрежность при сборе и заготовке грибов, неправильное приготовление некоторых видов грибов.  Отравления грибами чаще возникают в виде индивидуальных или семейных вспышек. Массовые отравления в настоящее время наблюдаются редко. Как показывают наблюдения, подавляющее большинство случаев грибных отравлений, а также смертельные исходы относятся за счёт употребления грибов, лично собранных или приобретенных в местах стихийной (неорганизованной) торговли, на рынках у частных лиц.  В Минской области (без г. Минска) за истекший период 2018 года случаи отравления грибами в быту среди населения пока не регистрировались. Вместе с тем, за указанный период зарегистрировано 5 разрозненных случаев ботулизма с 5 пострадавшими (2 – в Вилейском районе и по 1 в Дзержинском, Минском и Борисовском районах). Все они не носили группового характера. Смертельных исходов не было.  Причиной отравления послужили: кумпяк, тушёнка и консервированные огурцы домашнего приготовления; в двух случаях – консервированные маринованные грибы (ассорти) домашнего приготовления.  Профилактика отравлений грибами должна включать упорядочение сбора грибов, их переработки и продажи. Собирать можно только заведомо съедобные грибы. Если возникает хотя бы малейшее сомнение – такой гриб лучше не трогать. Помните: даже один ядовитый гриб среди съедобных может вызвать очень тяжёлое отравление. Увы, ошибаются даже опытные грибники, поэтому лучше не использовать в пищу условно съедобные грибы. Никогда не пробуйте на вкус незнакомые грибы, даже если у них приятный грибной запах.  Не следует собирать грибы в лесополосе вдоль автомобильных дорог. Такие грибы способны накапливать соли тяжелых металлов и в частности свинец, что связано с выбросами вредных веществ от проезжающего автотранспорта.  Помните: пластинчатые грибы подвергаются только засолке и маринованию с предварительным отвариванием в подсоленной воде в течение 5–7 минут и промыванием в проточной воде. Нельзя также сушить и изготовлять икру из пластинчатых грибов.  Во время прогулок в лес должен быть тщательный надзор за детьми. Грибы, собранные детьми, следует отсортировать и удалить из них все несъедобные и неизвестные. Также не следует собирать старые, червивые, покрытые плесенью грибы. В таких грибах уже начинаются процессы разложения белка, что при употреблении их в пищу может нанести непоправимый вред вашему здоровью.  Грибы долго хранить нельзя (не более 2-3 часов), поэтому, придя из леса, их надо сразу же перебрать и приступить к переработке. Особенно быстро грибы портятся в дождливую и сырую погоду. Быстрая порча грибов связана с большим (до 89-92%) содержанием в них влаги.  На рынках для торговли грибами следует выделять специальное место. Запрещается продажа смеси грибов, они должны быть рассортированы по видам. Пластинчатые грибы продаются целыми (без полного или частичного удаления ножек), в противном случае трудно установить принадлежность их к отдельным видам. Нельзя продавать грибные салаты, икру и другие грибные продукты в измельчённом виде.  Все продаваемые на рынках области грибы допускаются к реализации только после проведения лабораторных исследований на содержание в них радионуклидов. За этим постоянно следят контролёры и администрация рынков. Грибы, в которых выявляются радионуклиды в количествах, превышающих допустимые, к продаже не допускаются.  Следует помнить, что после аварии на Чернобыльской АЭС на ряд территорий нашей страны выпало значительное количество радионуклидов. Многие территории ещё длительное время будут непригодными для сбора грибов и другой дикорастущей продукции. В этой связи, никогда не будет лишним проведение радиологического контроля собранных населением «даров леса». Такие исследования можно провести в каждом городском и районном центре гигиены и эпидемиологии Минской области.  Незначительные финансовые затраты на проведение этих исследований, проводимых санэпидучреждениями по государственным расценкам, обеспечат уверенность в безопасности для здоровья собранной дикорастущей продукции.  По этой же причине не рекомендуем приобретать грибы у случайных лиц, торгующих ими в не установленных для этого местах. Такая продукция не проходит лабораторный контроль и при употреблении может причинить вред здоровью.  При первых же признаках отравления грибами (боли в животе, тошнота, рвота, жидкий стул, резкая слабость, возбуждение) следует обратиться за квалифицированной помощью в медицинское учреждение. А до приезда врача следует немедленно начать промывание желудка водой или слабым раствором марганцовки, неплохо также попытаться вызвать рвоту. После этого нужно прибегнуть к помощи слабительных и сделать очистительные клизмы. Далее лечь в постель, хорошо укрыться и пить слегка подсоленную воду – это в какой-то степени ослабляет тошноту и рвоту.  И в заключение хотим посоветовать любителям «тихой охоты»: чтобы предотвратить возможное отравление, связанное с употреблением в пищу грибов, Вашим обязательным правилом должно стать: не уверен в грибе – не бери его.  Полезные советы грибникам:      Кладите в лукошко только те грибы, в которых вы абсолютно уверены – эта прописная истина сохранит вам здоровье, а иногда и жизнь.     Нельзя собирать старые, червивые, покрытые плесенью грибы. В таких грибах уже начинаются процессы разложения белка, что при употреблении их в пищу может нанести непоправимый вред вашему здоровью.     Нельзя собирать грибы, которые выросли после первых заморозков.     Грибы, собранные около автомобильных трасс и железнодорожных путей, накапливают опасные для здоровья тяжелые металлы и радиоактивные элементы.     Для сбора грибов нельзя использовать тару, не пропускающую воздух – полиэтиленовые пакеты, сумки и т.д.     Не собирайте грибов больше, чем сможете переработать. Грибы относятся к продуктам, не выдерживающим длительного хранения.     Все собранные пластинчатые грибы-млечники (волнушки, грузди, валуи и др.) перед засолом необходимо вымочить или отварить (иногда и то, и другое), чтобы удалить горький и едкий вкус. Эти грибы не следует жарить и варить.     Блюда из грибов нельзя хранить в теплом месте. Оставлять «на завтра» грибные блюда можно только в холодильнике и в хорошо закрывающейся посуде.     Никогда не солите и не маринуйте грибы в оцинкованной и алюминиевой посуде.     Некоторые виды грибов несовместимы с алкоголем. Как и любой продукт, грибы могут вызвать аллергические реакции.   Справочно:  Наибольшее значение в этой группе имеют отравления ядовитыми грибами (бледная поганка, мухомор, сатанинский гриб, строчки и т.д.) и условно съедобными грибами, которые по природе своей являются ядовитыми, но при определённых методах кулинарной обработки (отмачивание в проточной воде с её сменой, вываривание с удалением отвара) освобождаются от ядовитого млечного сока и становятся пригодными в пищу. Если правила кулинарной обработки нарушаются, то такие грибы (сморчки, волнушки, свинушки, грузди, чернушки и др.) становятся причиной пищевого отравления.  Наиболее опасны отравления бледной поганкой и условно съедобными грибами. Бледная поганка – название собирательное, объединяет зелёную, жёлтую и белую поганки. Эти грибы растут с июля по октябрь, в августе наблюдается наибольшая интенсивность их вегетации. Отравление бледными поганками происходит вследствие того, что их принимают за съедобные белые сыроежки и, чаще, за шампиньоны (полевые и луговые), с которыми бледная поганка имеет большое внешнее сходство. Наиболее характерными отличительными признаками бледной поганки являются клубневидное утолщение и воротничок (остатки общего покрывала) в нижней части ножки. Пластинки гриба до старости белые, споры бесцветные. У шампиньона цвет пластинок варьирует от бледно-розового у молодых грибов до бурого у старых. У сыроежек всегда отсутствуют кольцо и воротничок у основания.  Яд бледной поганки (аминитрен) устойчив к нагреванию и не разрушается под влиянием пищеварительных ферментов.  Клиника отравления бледной поганкой весьма характерна. После употребления грибного блюда люди в течение продолжительного времени (в среднем 12 часов) чувствуют себя хорошо. Заболевание начинается внезапно, чаще ночью. Появляется резкая боль в животе, частый понос и неукротимая рвота. Вследствие большой потери воды у больных возникает неутолимая мучительная жажда, но вся выпитая вода теряется с рвотными массами. Больные жалуются на головную боль и головокружение. Более чем в половине случаев болезнь заканчивается смертью при полном сохранении сознания и памяти, чаще на 2 – 3 день. В других случаях после кратковременного улучшения состояния колики и понос возобновляются с новой силой, появляется желтуха, и летальный исход наступает на 9 – 10 день заболевания. При благоприятном исходе симптомы постепенно ослабевают, и наступает медленное выздоровление.  Профилактика отравлений бледной поганкой строится на общих принципах и направлена на предупреждение попадания ядовитых грибов в пищу людям. В связи с исключительной опасностью отравления бледной поганкой запрещена продажа на рынках сушеных пластинчатых грибов и грибной икры. Свежие грибы разрешается продавать только в целом виде с ножками, чтобы можно было быстро выявить бледную поганку.  Строчки по ядовитости занимают второе место после бледной поганки. Отравление строчками возникают при смешивании этих грибов с другими безвредными весенними грибами – сморчками. В отличие от сморчков у строчков шляпка бесформенная с волнистой или извилистой поверхностью, края её лишь частично срастаются с цилиндрической, иногда очень короткой ножкой. Ядовитость строчков обуславливается наличием в них гельвелловой кислоты, почти не теряющей своей токсичности при нагревании. Однако гельвелловая кислота хорошо растворяется в воде, она полностью вымывается из грибов в процессе их отваривания и вместе с отваром удаляется. Другой токсин, содержащийся в строчках, – гиромитрин – более устойчивый и сильный яд. Он не переходит в отвар даже при длительном кипячении.  Явления отравления строчками обычно развиваются медленно – в среднем от 8 до 10 часов от момента их употребления в пищу, но иногда от 3 до 20 часов. Появляются чувство полноты и давления в области желудка, которое сменяется болевыми ощущениями и резью. Одновремённо возникает тошнота, переходящая в рвоту. Рвота частая, не прекращающаяся в течение 1–2 дней. Понос наблюдается редко. Выздоровление наступает на 4–7 день. Смерть при отравлениях строчками чаще бывает на 3–4 день заболевания при явлениях сердечной слабости и большей частью в коматозном состоянии. Позже 5-го дня смертельных исходов не наблюдается.  Отравления мухоморами очень редки, их легко отличают от съедобных грибов.   Из других грибов, с которыми могут быть связаны нарушения состояния здоровья, следует указать на ложные опята, некоторые виды сыроежек, имеющих кроваво-красную или почти чёрную шляпку, грибы-млечники и др.  Ложные опята (ложный серный опенок, ложный кирпично-красный опенок) считаются ядовитыми. Их путают с настоящими осенними опятами (шляпка охряного, коричнево-жёлтого цвета, споровый порошок белого цвета).  Сыроежки жгуче-едкая, охристая и валуй содержат вредные вещества горького вкуса. Для предупреждения отравлений их следует перед употреблением отваривать с удалением отвара или длительно вымачивать.", "author": 1, "image": "грибы.jpg", "category": 4}}, {"model": "blog.article", "pk": 51, "fields": {"title": "About me", "description": "I am MAN", "author": 5, "image": "images_6zEG4oV_mhsGLcP.jpeg", "category": 5}}, {"model": "blog.comment", "pk": 4, "fields": {"article": 1, "author": null, "text": "Very Good!", "created": "2020-10-07T11:54:43Z", "active": true}}, {"model": "blog.comment", "pk": 13, "fields": {"article": 2, "author": 1, "text": "egfadvrtdgsftrrhgf  hkugh kh lglh ;h g ;iwy 'oeoiu uwo iurwo  urower  wir h oi  h  [ou[oei fwefpw w owu r[  ru[woi uoh oweur wo uo  wruw prowur  u[3  [oi3 [iu[ 3 3  [ru[3 u[3 wor owif uihfv qioud wpo if'e oiufpwu p3wi p wu [wpweoiow uf'phioufp p pw rwiuuf'apwuf[af[ [ wf[  wfwi'pwu r[aqi pa3eao [ura qi[aq y[0ur[83y q upa9wy a quaqpwef'quaiug[ireufg ['qurop hr[iR -QUF UEWH IWUEHWIF3YE[219YFP 79Y; uilh ;ewopw9fevf lui", "created": "2020-10-08T11:29:16Z", "active": false}}, {"model": "blog.comment", "pk": 14, "fields": {"article": 2, "author": 1, "text": "cool!!!", "created": "2020-10-08T11:30:31.521Z", "active": true}}, {"model": "blog.comment", "pk": 20, "fields": {"article": 2, "author": 1, "text": "Yes", "created": "2020-10-08T11:30:31.521Z", "active": true}}, {"model": "blog.comment", "pk": 21, "fields": {"article": 2, "author": 1, "text": "Yes", "created": "2020-10-08T12:17:15.485Z", "active": true}}, {"model": "blog.comment", "pk": 22, "fields": {"article": 2, "author": 1, "text": "ewdc", "created": "2020-10-08T13:09:30.950Z", "active": true}}, {"model": "blog.comment", "pk": 23, "fields": {"article": 2, "author": 1, "text": "ewdc", "created": "2020-10-08T13:14:31.127Z", "active": true}}, {"model": "blog.comment", "pk": 24, "fields": {"article": 2, "author": 1, "text": "efdws", "created": "2020-10-08T13:14:31.127Z", "active": true}}, {"model": "blog.comment", "pk": 26, "fields": {"article": 1, "author": 1, "text": "ssdc", "created": "2020-10-09T20:43:15.960Z", "active": true}}, {"model": "blog.comment", "pk": 27, "fields": {"article": 1, "author": 1, "text": "ssdcdffasx", "created": "2020-10-09T20:43:15.960Z", "active": true}}, {"model": "blog.comment", "pk": 28, "fields": {"article": 1, "author": 1, "text": "еше коммент", "created": "2020-10-09T20:43:15.960Z", "active": true}}, {"model": "blog.comment", "pk": 29, "fields": {"article": 1, "author": 1, "text": "еше коммент", "created": "2020-10-09T20:43:15.960Z", "active": true}}, {"model": "blog.comment", "pk": 30, "fields": {"article": 1, "author": 1, "text": "еше коммент 1111", "created": "2020-10-09T20:43:15.960Z", "active": true}}, {"model": "blog.comment", "pk": 31, "fields": {"article": 1, "author": 1, "text": "выакевпкыамвпав", "created": "2020-10-09T20:43:15.960Z", "active": true}}, {"model": "blog.comment", "pk": 32, "fields": {"article": 1, "author": 1, "text": "выакевпкыамвпав", "created": "2020-10-09T20:43:15.960Z", "active": true}}, {"model": "blog.comment", "pk": 33, "fields": {"article": 1, "author": 1, "text": "выакевпкыамвпав", "created": "2020-10-09T20:51:57.700Z", "active": true}}, {"model": "blog.comment", "pk": 34, "fields": {"article": 1, "author": 1, "text": "ывафыуаф аф цуф цфцукукацыцаццццукцк цк цу цу", "created": "2020-10-09T20:53:18.435Z", "active": true}}, {"model": "blog.comment", "pk": 35, "fields": {"article": 1, "author": 1, "text": "ывафыуаф аф цуф цфцукукацыцаццццукцк цк цу цу", "created": "2020-10-09T20:55:05.562Z", "active": true}}, {"model": "blog.comment", "pk": 36, "fields": {"article": 1, "author": 1, "text": "ывафыуаф аф цуф цфцукукацыцаццццукцк цк цу цу", "created": "2020-10-09T20:55:58.942Z", "active": true}}, {"model": "blog.comment", "pk": 37, "fields": {"article": 1, "author": 1, "text": "ывафыуаф аф цуф цфцукукацыцаццццукцк цк цу цу", "created": "2020-10-09T21:11:54.925Z", "active": true}}, {"model": "blog.comment", "pk": 38, "fields": {"article": 1, "author": 1, "text": "ывафыуаф аф цуф цфцукукацыцаццццукцк цк цу цу", "created": "2020-10-09T21:13:44.629Z", "active": true}}, {"model": "blog.comment", "pk": 39, "fields": {"article": 1, "author": 1, "text": "ывафыуаф аф цуф цфцукукацыцаццццукцк цк цу цу", "created": "2020-10-09T21:14:23.425Z", "active": true}}, {"model": "blog.comment", "pk": 40, "fields": {"article": 1, "author": 1, "text": "УРАААААААААААААААААААААААА!!!!!!!!!!!!!!!", "created": "2020-10-09T21:14:51.434Z", "active": true}}, {"model": "blog.comment", "pk": 41, "fields": {"article": 1, "author": 1, "text": "УРАААААААААААААААААААААААА!!!!!!!!!!!!!!!", "created": "2020-10-09T21:15:13.060Z", "active": true}}, {"model": "blog.comment", "pk": 42, "fields": {"article": 1, "author": 1, "text": "УРАААААААААААААААААААААААА!!!!!!!!!!!!!!!", "created": "2020-10-09T21:15:30.312Z", "active": true}}, {"model": "blog.comment", "pk": 43, "fields": {"article": 1, "author": 1, "text": "УРАААААААААААААААААААААААА!!!!!!!!!!!!!!!", "created": "2020-10-09T21:18:14.986Z", "active": true}}, {"model": "blog.comment", "pk": 44, "fields": {"article": 1, "author": 1, "text": "УРАААААААААААААААААААААААА!!!!!!!!!!!!!!!", "created": "2020-10-09T21:20:58.401Z", "active": true}}, {"model": "blog.comment", "pk": 45, "fields": {"article": 1, "author": 1, "text": "УРАААААААААААААААААААААААА!!!!!!!!!!!!!!!", "created": "2020-10-09T21:21:08.930Z", "active": true}}, {"model": "blog.comment", "pk": 46, "fields": {"article": 1, "author": 1, "text": "УРАААААААААААААААААААААААА!!!!!!!!!!!!!!!", "created": "2020-10-09T21:21:23.085Z", "active": true}}, {"model": "blog.comment", "pk": 47, "fields": {"article": 1, "author": 1, "text": "УРАААААААААААААААААААААААА!!!!!!!!!!!!!!!", "created": "2020-10-09T21:22:08.690Z", "active": true}}, {"model": "blog.comment", "pk": 48, "fields": {"article": 1, "author": 1, "text": "УРАААААААААААААААААААААААА!!!!!!!!!!!!!!!", "created": "2020-10-09T21:22:20.456Z", "active": true}}, {"model": "blog.comment", "pk": 49, "fields": {"article": 1, "author": 1, "text": "УРАААААААААААААААААААААААА!!!!!!!!!!!!!!!", "created": "2020-10-09T21:23:25.316Z", "active": true}}, {"model": "blog.comment", "pk": 50, "fields": {"article": 1, "author": 1, "text": "УРАААААААААААААААААААААААА!!!!!!!!!!!!!!!", "created": "2020-10-09T21:23:39.220Z", "active": true}}, {"model": "blog.comment", "pk": 51, "fields": {"article": 1, "author": 1, "text": "УРАААААААААААААААААААААААА!!!!!!!!!!!!!!!", "created": "2020-10-09T21:27:49.053Z", "active": true}}, {"model": "blog.comment", "pk": 52, "fields": {"article": 1, "author": 1, "text": "УРАААААААААААААААААААААААА!!!!!!!!!!!!!!!", "created": "2020-10-09T21:28:47.349Z", "active": true}}, {"model": "blog.comment", "pk": 53, "fields": {"article": 1, "author": 1, "text": "УРАААААААААААААААААААААААА!!!!!!!!!!!!!!!", "created": "2020-10-09T21:28:51.043Z", "active": true}}, {"model": "blog.comment", "pk": 54, "fields": {"article": 1, "author": 1, "text": "УРАААААААААААААААААААААААА!!!!!!!!!!!!!!!", "created": "2020-10-09T21:29:39.944Z", "active": true}}, {"model": "blog.comment", "pk": 55, "fields": {"article": 1, "author": 1, "text": "УРАААААААААААААААААААААААА!!!!!!!!!!!!!!!", "created": "2020-10-10T19:04:55.602Z", "active": true}}, {"model": "blog.comment", "pk": 56, "fields": {"article": 1, "author": 1, "text": "УРАААААААААААААААААААААААА!!!!!!!!!!!!!!!", "created": "2020-10-10T19:04:58.515Z", "active": true}}, {"model": "blog.comment", "pk": 57, "fields": {"article": 1, "author": 1, "text": "1111111111", "created": "2020-10-10T19:05:05.021Z", "active": true}}, {"model": "blog.comment", "pk": 58, "fields": {"article": 1, "author": 1, "text": "1111111111", "created": "2020-10-10T19:05:28.408Z", "active": true}}, {"model": "blog.comment", "pk": 59, "fields": {"article": 1, "author": 1, "text": "1111111111", "created": "2020-10-10T19:05:55.197Z", "active": true}}, {"model": "blog.comment", "pk": 60, "fields": {"article": null, "author": 1, "text": "1111111111", "created": "2020-10-10T19:13:07.703Z", "active": true}}, {"model": "blog.comment", "pk": 61, "fields": {"article": null, "author": 1, "text": "12345", "created": "2020-10-10T19:13:14.661Z", "active": true}}, {"model": "blog.comment", "pk": 62, "fields": {"article": null, "author": 1, "text": "12345", "created": "2020-10-10T19:13:39.512Z", "active": true}}, {"model": "blog.comment", "pk": 63, "fields": {"article": null, "author": 1, "text": "22222", "created": "2020-10-10T19:14:35.208Z", "active": true}}, {"model": "blog.comment", "pk": 64, "fields": {"article": null, "author": 1, "text": "22222", "created": "2020-10-10T19:16:09.214Z", "active": true}}, {"model": "blog.comment", "pk": 65, "fields": {"article": null, "author": 1, "text": "22222", "created": "2020-10-10T19:16:29.020Z", "active": true}}, {"model": "blog.comment", "pk": 66, "fields": {"article": null, "author": 1, "text": "22222", "created": "2020-10-10T19:17:05.140Z", "active": true}}, {"model": "blog.comment", "pk": 67, "fields": {"article": null, "author": 1, "text": "22222", "created": "2020-10-10T19:17:16.542Z", "active": true}}, {"model": "blog.comment", "pk": 68, "fields": {"article": null, "author": 1, "text": "22222", "created": "2020-10-10T19:17:27.916Z", "active": true}}, {"model": "blog.comment", "pk": 69, "fields": {"article": null, "author": 1, "text": "22222", "created": "2020-10-10T19:17:38.208Z", "active": true}}, {"model": "blog.comment", "pk": 70, "fields": {"article": null, "author": 1, "text": "22222", "created": "2020-10-10T19:18:07.124Z", "active": true}}, {"model": "blog.comment", "pk": 71, "fields": {"article": null, "author": 1, "text": "22222", "created": "2020-10-10T19:18:18.348Z", "active": true}}, {"model": "blog.comment", "pk": 72, "fields": {"article": null, "author": 1, "text": "22222", "created": "2020-10-10T19:18:32.182Z", "active": true}}, {"model": "blog.comment", "pk": 73, "fields": {"article": 1, "author": 1, "text": "22222", "created": "2020-10-10T19:19:14.720Z", "active": true}}, {"model": "blog.comment", "pk": 74, "fields": {"article": 1, "author": 1, "text": "22222", "created": "2020-10-12T09:43:50.120Z", "active": true}}, {"model": "blog.comment", "pk": 75, "fields": {"article": 1, "author": 1, "text": "22222", "created": "2020-10-12T09:44:29.615Z", "active": true}}, {"model": "blog.comment", "pk": 76, "fields": {"article": 9, "author": 1, "text": "Very nice article!!!!", "created": "2020-10-12T12:22:54.033Z", "active": true}}, {"model": "blog.comment", "pk": 99, "fields": {"article": 2, "author": 1, "text": "Очень классный пост!!!", "created": "2020-10-13T14:48:22.061Z", "active": true}}, {"model": "blog.comment", "pk": 100, "fields": {"article": 3, "author": 1, "text": "Good car!", "created": "2020-10-13T19:49:13.421Z", "active": true}}, {"model": "blog.comment", "pk": 101, "fields": {"article": 3, "author": 3, "text": "Yeah!!!!", "created": "2020-10-15T14:28:11.284Z", "active": true}}, {"model": "blog.comment", "pk": 102, "fields": {"article": 3, "author": 1, "text": "trfh;klewjfkjem", "created": "2020-10-20T15:24:10.197Z", "active": true}}, {"model": "profiles.profile", "pk": 1, "fields": {"avatar": "smile_dUmYvEj_5d7tYzs.jpeg", "user": 1, "info": "It is admin. Superman!", "created": "2020-10-21T19:53:21.259Z"}}, {"model": "profiles.profile", "pk": 2, "fields": {"avatar": "smile2_BhQ7hn4.jpeg", "user": 3, "info": "I am simple user, and I am fine )", "created": "2020-10-21T19:54:09.970Z"}}, {"model": "profiles.profile", "pk": 3, "fields": {"avatar": "large_eJKawcQ_Ke5S8o9_ObgVlQ6.jpeg", "user": 5, "info": "I am MAN !", "created": "2020-10-21T19:54:39.422Z"}}, {"model": "profiles.profile", "pk": 4, "fields": {"avatar": "flag_eWVOTRv_rwpPjIB.jpeg", "user": 4, "info": "I am from Minsk", "created": "2020-10-21T19:55:09.258Z"}}]